<?xml version="1.0" encoding="UTF-8" ?>
<module>
	<name>todopago</name>
	<displayName><![CDATA[Todo Pago]]></displayName>
	<version><![CDATA[1.15.0]]></version>
	<description><![CDATA[Pagos con tarjeta]]></description>
	<author><![CDATA[Todo Pago]]></author>
	<tab><![CDATA[payments_gateways]]></tab>
	<confirmUninstall><![CDATA[Realmente quiere desinstalar este modulo?]]></confirmUninstall>
	<is_configurable>1</is_configurable>
	<need_instance>1</need_instance>
	<limited_countries></limited_countries>
</module>
